ID_Colaborador,Nome,Filial,Departamento,Data,Entr.,Saída,Entr..1,Saída.1,Entr..2,Saída.2,Entr..3,Saída.3,Entr..4,Saída.4,Abono,Horas
100001,Thiago Prado Fontes,Belo Horizonte Industrial,Jurídico,2025-06-25,0.28275507742290057,0.5070692630675737,0.5422362072514286,0.7261370357418478,,,,,,,,0.3743055555555555
100002,Edson Oliveira Souza,Curitiba Sul,Recursos Humanos (RH),2025-06-25,0.6058159017613345,0.6576016873621813,0.6921793902634181,0.763206895701036,0.7486818184044574,0.8159322814906427,,,,,,0.19444444444444445
100003,Tatiane Matos Vasconcelos,São Paulo Centro,Financeiro,2025-06-25,0.3466114931936297,0.5006775780814808,0.5306089523716515,0.7514291510934011,,,,,,,,0.3666666666666667
100004,Allan Nascimento ,Rio de Janeiro Norte,Financeiro,2025-06-25,0.3717440849951432,0.5364683685612811,0.5834742939515878,0.700072248932535,,,,,,,,0.2986111111111111
100005,Priscila Santos Martins,Belo Horizonte Industrial,Comercial,2025-06-25,0.3513628659544791,0.4050694554820169,0.4202052479960832,0.5240360643247719,0.5586372300993744,0.5857061485951387,,,,,,0.2138888888888889
100006,Yasmin Silveira Almeida,Curitiba Sul,Financeiro,2025-06-25,0.35795167236735276,0.5098590398677334,0.5479575375016625,0.7394954241772097,,,,,,,,0.3673611111111111
100007,Felipe Machado ,Curitiba Sul,Comercial,2025-06-25,0.333498716934128,0.3930107899948288,0.41236953048186603,0.4387627219723298,0.4393611186663281,0.5700919008384442,,,,,,0.19027777777777777
100008,Larissa Vasconcelos Borges,Curitiba Sul,Marketing,2025-06-25,0.34621662544477355,0.4518489634722039,0.4818981128480476,0.5549351861724141,0.5735561423608206,0.6076891867852041,,,,,,0.24027777777777778
100009,Paula Teixeira Borges,Rio de Janeiro Norte,Recursos Humanos (RH),2025-06-25,0.308701588728592,0.4960160962930576,0.4791932437350806,0.5852758185461564,0.6272959210465451,,,,,,,0.2388888888888889
100010,Letícia Prado ,Belo Horizonte Industrial,Jurídico,2025-06-25,0.6058282091036552,0.6858047101131298,0.8125004878986686,0.819071968155467,0.8552011758595764,,,,,,,0.09722222222222222
100011,Mário Matos Figueiredo,São Paulo Centro,Jurídico,2025-06-25,0.5851310578858642,0.6713448198169679,0.701560474190314,0.7907696663528868,0.7863152529412055,0.8341340375384891,,,,,,0.24583333333333335
100012,Thais Moreira Barros,Curitiba Sul,Comercial,2025-06-25,0.4148254283554699,0.513661914035681,0.5349277966385018,0.6278892600150066,0.6220492420451255,0.6950199203108619,,,,,,0.2388888888888889
100013,Guilherme Borges Peixoto,Belo Horizonte Industrial,Recursos Humanos (RH),2025-06-25,0.32409780026513957,0.3907242596871713,0.4295434598405691,0.5039955330104247,0.5189252737595056,0.5797167546714088,,,,,,0.23611111111111113
100014,Jorge Pereira Gomes,Rio de Janeiro Norte,Financeiro,2025-06-25,0.5672894487685762,0.6980676587634976,0.6846056001211506,0.7689121769715029,0.7891782120848256,0.8011327067878261,,,,,,0.2347222222222222
100015,Mirella Martins Fernandes,Rio de Janeiro Norte,Comercial,2025-06-25,0.34680881449969675,0.48431607738574367,0.5473550863427726,0.7282697796961861,,,,,,,,0.3368055555555556
100016,Lorena Souza Cavalcante,Rio de Janeiro Norte,Jurídico,2025-06-25,0.3195829972936064,0.5069920179709964,0.5541979103705268,0.7512668685510597,,,,,,,,0.37013888888888885
100017,Aline Silva Coelho,Curitiba Sul,Recursos Humanos (RH),2025-06-25,0.32463273988460434,0.5602691144221077,0.579859596474911,0.6992565098062921,,,,,,,,0.31666666666666665
100018,Leonardo Lima Bastos,Rio de Janeiro Norte,Comercial,2025-06-25,0.34257809333951417,0.5175141259362303,0.5285223487906235,,,,,,,,,0.16666666666666666
100019,Gabriela Costa Reis,Belo Horizonte Industrial,Recursos Humanos (RH),2025-06-25,0.3819844152930061,0.5443863076908816,0.5925080236836427,0.7240296064780901,,,,,,,,0.27708333333333335
100020,Thiago Diniz Santos,Belo Horizonte Industrial,Financeiro,2025-06-25,0.7568168495256897,,,,,,,,,,,0.0
100021,Gustavo Neves Martins,Rio de Janeiro Norte,Jurídico,2025-06-25,0.5391627320693896,0.7022968865980161,0.7087485199776994,0.7653107009034706,0.7787555630131446,0.8257291842239952,,,,,,0.21875
100022,Karina Prado Cardoso,São Paulo Centro,Jurídico,2025-06-25,0.34552666156518663,0.43181554950325557,0.445360995508432,0.49692495136841897,0.5165578597723488,,,,,,,0.16180555555555556
100023,Simone Silveira Silva,Belo Horizonte Industrial,Comercial,2025-06-25,0.3520148335666768,0.42154242685302024,0.4518370660714997,0.4710419441739324,0.4859402130005537,0.5586242799663619,,,,,,0.19444444444444445
100024,Marcelo Costa Vasconcelos,Curitiba Sul,Jurídico,2025-06-25,0.35057074617987455,0.39905194648638903,0.411549142566121,0.5338463191982081,0.555952632195201,,,,,,,0.17500000000000002
100025,Patrícia Cardoso Ribeiro,Rio de Janeiro Norte,Tecnologia da Informação (TI),2025-06-25,0.5893679445283146,0.7658950635531958,,,,,,,,,,0.15972222222222224
100026,Clara Martins Figueiredo,Belo Horizonte Industrial,Comercial,2025-06-25,0.6159952900551793,0.6935459395154038,0.7211207671505343,0.7483169740217057,0.7943251140892472,0.8756066655382736,,,,,,0.23611111111111113
100027,Lorena Moreira Lopes,Curitiba Sul,Financeiro,2025-06-25,0.5671568573607667,0.6636235983148786,0.669993911376055,0.7480031949715005,0.7593459147000342,0.7913835868139316,,,,,,0.1951388888888889
100028,Fabiana Mota ,Rio de Janeiro Norte,Comercial,2025-06-25,0.5541069693037121,0.6258738788413015,0.6434285442814385,0.760118926500784,0.7822221004481562,0.8152118815384783,,,,,,0.23611111111111113
100029,Vanessa Diniz Carvalho,São Paulo Centro,Marketing,2025-06-25,0.34830637859066066,0.4394083873027945,0.44823425123849536,0.5222320962599304,0.5200246533411574,0.5513468856314327,,,,,,0.19722222222222222
100030,Rebeca Freitas Nascimento,Rio de Janeiro Norte,Financeiro,2025-06-25,0.5645850279900769,0.6063060706372918,0.6536320041041352,0.6884564775507631,0.7093606064134401,0.783084389892547,,,,,,0.19722222222222222
100031,Juliana Torres Pereira,São Paulo Centro,Financeiro,2025-06-25,0.5481906053330293,0.7238082848540509,,,,,,,,,,0.16666666666666666
100032,Larissa Rocha Vasconcelos,Curitiba Sul,Jurídico,2025-06-25,0.3109886678479463,0.5117586337214158,0.5506013530214459,0.6204717963970819,,,,,,,,0.2881944444444445
100033,Larissa Torres ,Belo Horizonte Industrial,Recursos Humanos (RH),2025-06-25,0.4499179553562642,0.5298180292248902,0.7602278657335726,0.7617734390397564,0.7720242963129146,,,,,,,0.09236111111111112
100034,Lucas Rodrigues ,Rio de Janeiro Norte,Comercial,2025-06-25,0.6280665878491494,0.6962776673810671,0.7109757334525211,0.7984780557805629,0.7927378374901656,0.8491889675936806,,,,,,0.20069444444444443
100035,Ana Ferreira Dias,Curitiba Sul,Tecnologia da Informação (TI),2025-06-25,0.3378412872452009,0.4221769062820503,0.4248251603572509,0.5010249061773117,0.5087329727590555,0.5636514798590027,,,,,,0.19444444444444445
100036,Guilherme Vasconcelos Figueiredo,Belo Horizonte Industrial,Recursos Humanos (RH),2025-06-25,0.3250188517976131,0.4193645394156163,0.45744730080495816,0.5125086566595501,0.5231706216894558,0.6080481899810128,,,,,,0.23611111111111113
100037,Ana Martins Oliveira,Curitiba Sul,Comercial,2025-06-25,0.6235706479673262,0.7807637795433008,,,,,,,,,,0.16666666666666666
100038,Letícia Mota Costa,Belo Horizonte Industrial,Marketing,2025-06-25,0.33557505530659676,0.4500857188635091,0.44857178519867824,0.5119328811796424,0.5492713488058631,0.5414970660526159,,,,,,0.1951388888888889
100039,Yasmin Prado ,Rio de Janeiro Norte,Tecnologia da Informação (TI),2025-06-25,0.3113346918027957,0.4121887773557197,0.43796598188523295,0.49089250583351657,0.49625195297717883,0.5482606759336889,,,,,,0.19444444444444445
100040,Victor Ferreira Cunha,São Paulo Centro,Comercial,2025-06-25,0.3335142083355617,0.45109822468089295,0.46494202771307797,0.5347852997976779,0.5409796013778814,0.5929692829394596,,,,,,0.23611111111111113
100041,Rebeca Martins Melo,Rio de Janeiro Norte,Financeiro,2025-06-25,0.5768733421124809,0.6519004397253465,0.6650990088736928,0.7262457877948693,0.7441316524817471,0.8130729973346098,,,,,,0.225
100042,Igor Machado Figueiredo,Rio de Janeiro Norte,Recursos Humanos (RH),2025-06-25,0.5941500720334923,0.6717909525038096,0.7045468885060184,0.7625143921811719,0.7619855308440219,0.835040931552623,,,,,,0.23611111111111113
100043,Thais Rocha Martins,Rio de Janeiro Norte,Tecnologia da Informação (TI),2025-06-25,0.3652911124770834,0.4948453468232466,0.5437824828532613,0.7618818423006489,,,,,,,,0.3597222222222222
100044,Ana Peixoto Pereira,Rio de Janeiro Norte,Marketing,2025-06-25,0.36287642667241593,0.48478348821309164,0.5327914494365613,0.6839838255616736,,,,,,,,0.2722222222222222
100045,Sofia Souza ,São Paulo Centro,Marketing,2025-06-25,0.31607586629060397,0.40984471091946795,0.42276102727456716,0.5035122571486731,0.5524905239741417,0.61789766353549,,,,,,0.23680555555555557
100046,Renata Cavalcante Santos,Rio de Janeiro Norte,Recursos Humanos (RH),2025-06-25,0.3372459560859398,0.5030636904741299,0.5458784630391763,0.6618452421387929,,,,,,,,0.30069444444444443
100047,André Silva Moreira,São Paulo Centro,Financeiro,2025-06-25,0.3606060864169163,0.44798476110731994,0.45843116222998165,0.6014613725822392,0.6473050383230974,0.7098128906046304,,,,,,0.28958333333333336
100048,Guilherme Rocha Carvalho,Curitiba Sul,Comercial,2025-06-25,0.7297405646697995,,,,,,,,,,,0.0
100049,Renata Ribeiro ,Belo Horizonte Industrial,Jurídico,2025-06-25,0.5865260436075883,0.6805544238607361,0.6863535631910546,0.7515485345693987,0.7938939173575067,0.8248012180469527,,,,,,0.2423611111111111
100050,Rafael Dias Prado,Curitiba Sul,Comercial,2025-06-25,0.5477229616745882,0.7326614689622434,0.7486020125375454,0.7858403939350984,,,,,,,,0.24583333333333335
100051,Gustavo Oliveira Freitas,Rio de Janeiro Norte,Financeiro,2025-06-25,0.3531289064113289,0.5176781258651008,0.5413628197926788,0.7494845266444421,,,,,,,,0.3673611111111111
100052,Thais Carvalho Peixoto,Curitiba Sul,Marketing,2025-06-25,0.3327322749624987,0.4563308680874321,0.49394668820184406,0.5493158870983018,0.5807836455053828,,,,,,,0.19652777777777777
100053,João Bastos ,São Paulo Centro,Marketing,2025-06-25,0.3496577411648469,0.49847470890842654,0.5420245170547844,0.7806738355867329,,,,,,,,0.3666666666666667
100054,Wesley Costa Moreira,Belo Horizonte Industrial,Marketing,2025-06-25,0.324452146722721,0.5136563784483221,0.5311752944657481,0.7177207244957023,,,,,,,,0.3673611111111111
100055,Rafael Nascimento ,São Paulo Centro,Tecnologia da Informação (TI),2025-06-25,0.3477208757080929,0.41900727599270643,0.4245524627591751,0.5210912696894795,0.5390035658682115,,,,,,,0.1729166666666667
100056,Allan Silveira Neves,São Paulo Centro,Tecnologia da Informação (TI),2025-06-25,0.5777177431203154,0.7698824893196534,0.7981252736474052,0.8095428274027388,,,,,,,,0.2076388888888889
100057,Tainá Melo ,Belo Horizonte Industrial,Recursos Humanos (RH),2025-06-25,0.2992187650743059,0.49060315876231825,0.5410746433421264,0.6895912819065938,,,,,,,,0.36041666666666666
100058,Igor Almeida ,São Paulo Centro,Financeiro,2025-06-25,0.3490982737037445,0.5353382107193431,0.5707213854989357,0.6778438776372128,,,,,,,,0.28750000000000003
100059,Luana Lopes Moura,Belo Horizonte Industrial,Comercial,2025-06-25,0.3140363601951143,0.43230706256459606,0.4293193172000653,0.49759186871459476,0.5084283800457345,0.5746375806382847,,,,,,0.18819444444444444
100060,Letícia Rocha Teixeira,Curitiba Sul,Financeiro,2025-06-25,0.34063719432137884,0.4400819061175882,0.463718988583884,0.5108381633778243,0.5084130894065853,,,,,,,0.15277777777777776
100061,Murilo Teixeira Teixeira,São Paulo Centro,Recursos Humanos (RH),2025-06-25,0.3517804788476386,0.4606929565601151,0.4635216950363443,0.5420811631282979,0.5497033856576351,0.5432523314155584,,,,,,0.19444444444444445
100062,Igor Prado Rodrigues,Curitiba Sul,Recursos Humanos (RH),2025-06-25,0.30927350914483337,0.42454441004821497,0.42261817246177225,0.522510104734638,0.5247687546265573,0.5907598578764138,,,,,,0.2263888888888889
100063,Karina Reis Cunha,Curitiba Sul,Jurídico,2025-06-25,0.32649752389822123,0.5114914987172332,0.5486813317929857,0.6931357237661689,,,,,,,,0.3347222222222222
100064,Larissa Carvalho Costa,Belo Horizonte Industrial,Tecnologia da Informação (TI),2025-06-25,0.3434931043423083,0.4952258514040022,0.552457262884229,0.7401736648018378,,,,,,,,0.3666666666666667
100065,Marcelo Oliveira ,Rio de Janeiro Norte,Tecnologia da Informação (TI),2025-06-25,0.3468258031048579,0.4434918563367203,0.45996087920862017,0.5040349138052191,0.5333248699344652,0.5607750813564555,,,,,,0.19999999999999998
100066,Fabiana Barros Monteiro,Curitiba Sul,Tecnologia da Informação (TI),2025-06-25,0.3142229862827982,0.5181623930732767,0.5233601337344226,0.7095490093067902,,,,,,,,0.31666666666666665
100067,Jorge Rocha ,Curitiba Sul,Tecnologia da Informação (TI),2025-06-25,0.5976687907686234,0.6529096937542369,0.689641728595481,0.7367133590509011,0.7404806165719036,0.8318213861637372,,,,,,0.2236111111111111
100068,André Monteiro Ribeiro,São Paulo Centro,Financeiro,2025-06-25,0.318875275980634,,,,,,,,,,,0.0
100069,Priscila Peixoto Ribeiro,Rio de Janeiro Norte,Marketing,2025-06-25,0.300311179831515,0.4774566909859884,0.5064548756566735,0.6594812545385397,,,,,,,,0.3458333333333334
100070,Lucas Peixoto Figueiredo,Rio de Janeiro Norte,Financeiro,2025-06-25,0.27980717604007677,0.5183432990490925,0.5294206147549854,0.70979245926613,,,,,,,,0.3763888888888889
100071,Victor Silva Ventura,Curitiba Sul,Financeiro,2025-06-25,0.31833840366475774,0.49568603360399033,0.5414926570655662,0.727591218045944,,,,,,,,0.3861111111111111
100072,Gustavo Figueiredo Barros,Belo Horizonte Industrial,Jurídico,2025-06-25,0.3123077669908059,0.5364546453644204,0.5667059509185155,0.5785654093681555,0.5681229409299505,0.571303316757498,,,,,,0.23750000000000002
100073,Tiago Peixoto Cavalcante,São Paulo Centro,Recursos Humanos (RH),2025-06-25,0.40326380612236057,0.5103568814942427,0.5113817882909772,0.5998243388168063,0.6358346889822202,0.7388949889152207,,,,,,0.2916666666666667
100074,Alexandre Souza Monteiro,Belo Horizonte Industrial,Tecnologia da Informação (TI),2025-06-25,0.35667729157269684,0.48778449473463475,0.5450475301437634,0.7637397153826266,,,,,,,,0.3513888888888889
100075,Aline Mota ,Rio de Janeiro Norte,Marketing,2025-06-25,0.29764640659391256,0.48263628760837496,0.5493398161032413,0.7177484322189905,,,,,,,,0.3680555555555556
100076,Elisângela Dias Vasconcelos,São Paulo Centro,Tecnologia da Informação (TI),2025-06-25,0.6018018214953368,0.6547356902656382,0.6943498421803075,0.7962363380654263,0.7780296598114131,0.8779988772417912,,,,,,0.23680555555555557
100077,Guilherme Fontes Bastos,Curitiba Sul,Jurídico,2025-06-25,0.3140643343082772,0.5135317379084784,0.5298860542107621,0.7530899399916238,,,,,,,,0.3840277777777778
100078,Thais Almeida Fernandes,Belo Horizonte Industrial,Tecnologia da Informação (TI),2025-06-25,0.48442069457547127,0.5467427472715383,0.5296860004618762,0.720232336854179,,,,,,,,0.2423611111111111
100079,Bianca Vasconcelos Cunha,Rio de Janeiro Norte,Financeiro,2025-06-25,0.33588693169036676,0.4212025135649327,0.45051783753885777,0.49210504280651174,0.5019402529021595,0.5365188804752226,,,,,,0.19444444444444445
100080,Allan Ferreira Dias,Rio de Janeiro Norte,Marketing,2025-06-25,0.32898950962357343,0.5034732039469825,0.5152851846725025,0.5478983386956917,0.5856288687456482,0.5872509995199136,,,,,,0.2388888888888889
100081,Nayane Peixoto Monteiro,Curitiba Sul,Recursos Humanos (RH),2025-06-25,0.3342432160352606,0.5128178736459469,0.5237868938943729,0.7660645207814699,,,,,,,,0.375
100082,Nayara Nascimento ,São Paulo Centro,Tecnologia da Informação (TI),2025-06-25,0.3578768739571045,0.4414437690898274,0.45506625965795616,0.6001598737758411,0.6494770902069518,0.732147208949412,,,,,,0.2881944444444445
100083,Edson Ferreira Cunha,Curitiba Sul,Marketing,2025-06-25,0.39167019100891276,0.6033078261706974,0.6424615291415382,0.7569479534614812,,,,,,,,0.3104166666666667
100084,Amanda Ribeiro Ferreira,Rio de Janeiro Norte,Recursos Humanos (RH),2025-06-25,0.3818806635597938,0.48182109436887643,0.5232152009231019,0.7301313478831821,,,,,,,,0.3020833333333333
100085,Edson Martins Martins,São Paulo Centro,Jurídico,2025-06-25,0.32557224177455374,0.4982934609376378,0.5468398914510577,0.6746697180188834,,,,,,,,0.30277777777777776
100086,Marcelo Nascimento ,Rio de Janeiro Norte,Jurídico,2025-06-25,0.3422905155037183,0.5166547884335063,0.5306093852741431,0.7568759448252257,,,,,,,,0.3770833333333334
100087,Murilo Barros Rodrigues,São Paulo Centro,Jurídico,2025-06-25,0.5539664375890654,0.6847522156375745,0.7056316833024016,0.7297762515561511,0.7583277386462335,0.8077330767326456,,,,,,0.2222222222222222
100088,Mariana Figueiredo Souza,Curitiba Sul,Jurídico,2025-06-25,0.8579596450831074,,,,,,,,,,,0.0
100089,Isabelly Moura Moreira,São Paulo Centro,Jurídico,2025-06-25,0.33504259750896886,0.41013161905506607,0.41952782958884155,0.5667014426007572,,,,,,,,0.25
100090,Wallace Freitas Ribeiro,Belo Horizonte Industrial,Marketing,2025-06-25,0.3606853014526966,0.4828974953430094,0.5586816609144112,0.7682786262135078,,,,,,,,0.3680555555555556
100091,Rebeca Silveira Fontes,Curitiba Sul,Financeiro,2025-06-25,0.5688914657877814,0.6718911626449018,0.6956163956226827,0.8086371996076084,0.811865602446425,0.7880359817197848,,,,,,0.21736111111111112
100092,Priscila Moreira Machado,Curitiba Sul,Marketing,2025-06-25,0.5896959896613071,0.6092101961332658,0.6411745067915082,0.7319695095279786,0.7299797231060833,0.8048919958659857,,,,,,0.2076388888888889
100093,Tiago Nunes Ribeiro,Curitiba Sul,Jurídico,2025-06-25,0.31324399044250206,0.48444025194152074,0.5460700698715836,0.707050942273671,,,,,,,,0.3284722222222222
100094,Jorge Borges ,Belo Horizonte Industrial,Marketing,2025-06-25,0.34199272285612525,0.41626649476012617,0.7501635180040791,,,,,,,,,0.04652777777777778
100095,Larissa Barros Ventura,Rio de Janeiro Norte,Marketing,2025-06-25,0.3163465496792499,0.41457100197125113,0.4242700194948357,,,,,,,,,0.1013888888888889
100096,Mirella Borges Moreira,Rio de Janeiro Norte,Jurídico,2025-06-25,0.43175090917232206,0.5371373494134263,0.5796977104137864,0.6257923225886403,0.6345484034722263,0.6837922452158844,,,,,,0.23611111111111113
100097,Mário Rocha Dias,Curitiba Sul,Tecnologia da Informação (TI),2025-06-25,0.5774952729746965,0.6582360283934517,0.6577071769812634,0.7723665055357709,0.7838683086382683,0.810403587585512,,,,,,0.20138888888888887
100098,Wallace Bastos Matos,Rio de Janeiro Norte,Tecnologia da Informação (TI),2025-06-25,0.33895719240980393,0.4477236671680078,0.44709782082886235,0.5332408384051247,0.5428835855134793,0.5909894882925928,,,,,,0.23611111111111113
100099,Nayane Gomes Figueiredo,Belo Horizonte Industrial,Jurídico,2025-06-25,0.3329364587021948,0.4401764067683358,0.445686638187885,0.4954658369942446,0.5296431631625189,0.5542936011356648,,,,,,0.19444444444444445
100100,Cristiane Reis Fernandes,São Paulo Centro,Comercial,2025-06-25,0.3225374620858428,0.4269476217029758,0.4443052170158127,0.4887725532673143,0.4958664999894645,0.5692169802116777,,,,,,0.19444444444444445
100101,Wallace Carvalho ,São Paulo Centro,Comercial,2025-06-25,0.49116708220301775,0.6249706395343055,0.6709425824631102,0.797058345747323,0.8211431381782823,0.8762250525900794,,,,,,0.3069444444444444
100102,Tainá Moura Martins,Rio de Janeiro Norte,Jurídico,2025-06-25,0.5528763828439042,0.6254182669582913,0.6446064657810623,0.7321459942813344,0.734441104739944,0.7996641464560216,,,,,,0.19444444444444445
100103,Renata Lopes Coelho,Curitiba Sul,Recursos Humanos (RH),2025-06-25,0.5332372604212606,0.6740583212874852,0.7244618031381909,0.8993518597269683,,,,,,,,0.3215277777777778
100104,Thais Rodrigues Carvalho,Curitiba Sul,Recursos Humanos (RH),2025-06-25,0.3733603654526053,0.5049883521910686,0.5410751311701132,0.7347881071536411,,,,,,,,0.30069444444444443
100105,Mariana Matos Reis,Rio de Janeiro Norte,Jurídico,2025-06-25,0.40113219428069674,0.5216940946163843,0.569196649532405,0.7475426624603949,,,,,,,,0.31875000000000003
100106,Daniela Peixoto Araújo,Rio de Janeiro Norte,Comercial,2025-06-25,0.8494076606336157,,,,,,,,,,,0.0
100107,Tainá Martins Rocha,São Paulo Centro,Financeiro,2025-06-25,0.3403891523237484,0.531096312514696,0.5726423112904969,0.5731988602401078,,,,,,,,0.23611111111111113
100108,Nayane Pereira Diniz,Rio de Janeiro Norte,Comercial,2025-06-25,0.3387221805604374,0.42002511585085034,0.43216020914576325,0.5317046092748068,0.5135381283292332,0.5714501700007023,,,,,,0.19930555555555554
100109,Patrícia Oliveira ,Rio de Janeiro Norte,Comercial,2025-06-25,0.32547722484074143,0.42838630119095894,0.4379099773185144,0.5570678833764444,0.5432824836984705,0.6136147722345285,0.6231303272420035,,,,,0.23263888888888887
100110,Tatiane Melo Cunha,São Paulo Centro,Jurídico,2025-06-25,0.32774645106554096,0.46174808770008974,0.46718484087101575,0.5791173037167643,0.5887466679485749,0.6095734008467898,,,,,,0.26458333333333334
100111,Matheus Prado ,Rio de Janeiro Norte,Comercial,2025-06-25,0.34061779861678176,0.45426239310795846,0.4869202454254633,0.5391141198178429,0.5541223679376478,0.5848490398503213,,,,,,0.2354166666666667
100112,Diego Costa Barros,São Paulo Centro,Financeiro,2025-06-25,0.32382353396749086,0.4054501350403949,0.4385683005562632,0.5221762722874012,0.5222666683014235,0.5866002317972219,,,,,,0.2347222222222222
100113,Rodrigo Carvalho Almeida,Curitiba Sul,Jurídico,2025-06-25,0.3226801275008099,0.4337302455437968,0.4353356160487115,0.48084377506524406,0.5208836186812736,0.5949463355482477,,,,,,0.2513888888888889
100114,Lorena Lima Melo,Belo Horizonte Industrial,Tecnologia da Informação (TI),2025-06-25,0.38284163532358567,0.4811214036592664,0.54798084523209,0.7797204627634512,,,,,,,,0.37222222222222223
100115,Rebeca Castro Ribeiro,Rio de Janeiro Norte,Jurídico,2025-06-25,0.3880097006163038,0.6435837914950902,0.6593782128606686,0.741604314967453,,,,,,,,0.3284722222222222
100116,Juliana Diniz ,Curitiba Sul,Jurídico,2025-06-25,0.35441882445772044,0.5100165263882519,0.5539043224467676,0.7792048564174817,,,,,,,,0.3666666666666667
100117,Rafael Fontes Araújo,Belo Horizonte Industrial,Tecnologia da Informação (TI),2025-06-25,0.35069619460803325,0.5064792784183949,0.5466362621761791,0.7876725775755866,,,,,,,,0.3840277777777778
100118,Diego Ferreira Figueiredo,São Paulo Centro,Jurídico,2025-06-25,0.3278763062142516,0.49767031884671753,0.5344947787596672,0.7452941371129767,,,,,,,,0.36944444444444446
100119,Isabelly Almeida Castro,São Paulo Centro,Comercial,2025-06-25,0.5795339249353848,0.6767597803675668,0.7116733220222381,0.8289220995224802,,,,,,,,0.24722222222222223
100120,Gabriela Rocha ,São Paulo Centro,Tecnologia da Informação (TI),2025-06-25,0.36151573629310235,0.5381938101337681,0.5944792000183656,0.7639326851819195,,,,,,,,0.34027777777777773
100121,Daniela Ferreira Borges,São Paulo Centro,Financeiro,2025-06-25,0.32206715130693403,0.41112796904217797,0.44542983911463313,0.5069488268464125,0.5461908340697221,0.5987797708812507,,,,,,0.22916666666666666
100122,Daniela Oliveira Moreira,São Paulo Centro,Financeiro,2025-06-25,0.31895638867036313,0.3798917493749469,0.40129908517647755,0.48573629061076085,0.5072624767970207,0.550513579067571,,,,,,0.18819444444444444
100123,Victor Oliveira Souza,São Paulo Centro,Recursos Humanos (RH),2025-06-25,0.4352683336004852,0.5675599823822562,0.6368299479150735,0.7951771361053441,,,,,,,,0.3236111111111111
100124,Bruno Moura Diniz,Rio de Janeiro Norte,Jurídico,2025-06-25,0.3616425324110328,0.6383325865996795,0.6742630108687994,0.6860056755296186,,,,,,,,0.3048611111111111
100125,Robson Cunha Bastos,Belo Horizonte Industrial,Recursos Humanos (RH),2025-06-25,0.5396048198254337,0.6656611697287864,0.6916330795048042,0.7820015192618665,0.776784433498825,0.8161658058000868,,,,,,0.25
100126,Amanda Pereira ,Belo Horizonte Industrial,Recursos Humanos (RH),2025-06-25,0.5821779764416605,0.6681190455641582,0.6774233246615738,0.733768674556305,0.768163830955052,0.7851823599547845,,,,,,0.1951388888888889
100127,Vinícius Mota Almeida,Rio de Janeiro Norte,Tecnologia da Informação (TI),2025-06-25,0.4376753953202195,0.5925206304527949,0.6440836928596353,0.8259349897345333,,,,,,,,0.32083333333333336
100128,Cristiane Santos Teixeira,Belo Horizonte Industrial,Marketing,2025-06-25,0.484595867415096,0.622140747937948,0.6469754433655881,0.7306365054709076,0.7374095592610734,0.7574423728983418,,,,,,0.23611111111111113
100129,Paula Reis Teixeira,Rio de Janeiro Norte,Tecnologia da Informação (TI),2025-06-25,0.3351500964720416,0.39798276032996677,0.4130656116186946,0.4935936828403314,0.5121557397405908,0.5812104260039024,,,,,,0.22291666666666665
100130,Marcelo Reis Mota,Rio de Janeiro Norte,Financeiro,2025-06-25,0.7386898309201287,,,,,,,,,,,0.0
100131,Aline Carvalho Silva,Rio de Janeiro Norte,Jurídico,2025-06-25,0.35368340975331436,0.37008713442383645,0.4030983632285383,0.5126036606424793,0.5375468886870259,0.6631881081031207,,,,,,0.28958333333333336
100132,Fabiana Teixeira Cunha,São Paulo Centro,Comercial,2025-06-25,0.3397940152562998,0.5186965095299017,0.5401253621925166,0.6889490550553456,,,,,,,,0.3
100133,Mariana Reis Cavalcante,Belo Horizonte Industrial,Recursos Humanos (RH),2025-06-25,0.3968529300162266,0.5325772110511732,0.5765483324756452,0.7683154016946214,,,,,,,,0.3277777777777778
100134,Alexandre Souza Prado,Curitiba Sul,Tecnologia da Informação (TI),2025-06-25,0.5913420695790566,0.7187002058054847,0.7160756549872151,0.772512883654859,0.8017479213639,0.8711899059993218,,,,,,0.23611111111111113
100135,Lorena Reis ,São Paulo Centro,Comercial,2025-06-25,0.32569727388384057,0.4676571590282398,0.5094396783253345,,,,,,,,,0.14166666666666666
100136,Vanessa Torres Costa,Curitiba Sul,Recursos Humanos (RH),2025-06-25,0.3381125493279225,0.3810766883245826,0.40651589080455397,0.46377279583454234,0.4917535600638452,0.591012408291518,,,,,,0.22013888888888888
100137,Renata Dias Teixeira,Rio de Janeiro Norte,Tecnologia da Informação (TI),2025-06-25,0.31943109881536524,0.46455167287914656,0.4704671045290649,0.5338382808230061,0.5371479716455644,0.579493504971664,,,,,,0.2347222222222222
100138,Gabriela Teixeira Almeida,Rio de Janeiro Norte,Financeiro,2025-06-25,0.3639778057078706,0.4956702075754966,0.5345792987801375,0.7295289709648682,,,,,,,,0.3145833333333333
100139,Daniel Machado ,Curitiba Sul,Tecnologia da Informação (TI),2025-06-25,0.32262733644084246,0.42953251159745887,0.45215618734168245,0.5725291553909078,0.5851855237784871,0.5906808983566728,,,,,,0.23680555555555557
100140,Bruna Lima Matos,Belo Horizonte Industrial,Comercial,2025-06-25,0.5452862992065941,0.6353619957068151,0.6374512128277081,0.7033064317169992,0.7205731875247412,0.7769279534405334,,,,,,0.19444444444444445
100141,Ana Ribeiro Almeida,São Paulo Centro,Financeiro,2025-06-25,0.35242070946838694,0.5193049529241142,0.524179497630906,0.7595702275571055,,,,,,,,0.3666666666666667
100142,Sérgio Fernandes Figueiredo,Belo Horizonte Industrial,Recursos Humanos (RH),2025-06-25,0.5788883536701631,0.6832990511520864,0.687919860185154,0.7600888401157949,0.7714535111848619,0.8154688068445921,,,,,,0.1986111111111111
100143,Renata Teixeira Lopes,São Paulo Centro,Tecnologia da Informação (TI),2025-06-25,0.3217299608452287,0.41156651243176384,0.4439268415782028,0.5203731344238482,0.5244299163691335,0.5642889291755641,,,,,,0.19444444444444445
100144,Karina Martins Martins,Belo Horizonte Industrial,Comercial,2025-06-25,0.3154489775679393,0.46258896903097557,0.4601675700206782,0.5251937349345648,0.511826064893335,0.5576669583108413,,,,,,0.19722222222222222
100145,Rodrigo Melo Castro,Belo Horizonte Industrial,Jurídico,2025-06-25,0.3356234998632673,0.46692219798037,0.46036384051269696,0.5437225304635607,0.5700294563423184,0.6281688360718662,,,,,,0.2513888888888889
100146,Lucas Matos Figueiredo,Rio de Janeiro Norte,Tecnologia da Informação (TI),2025-06-25,0.548621112833581,0.661146548061406,0.6792774844452117,0.7479477865085652,0.7805265561921209,0.8025639278921959,,,,,,0.21180555555555555
100147,Robson Ferreira Lopes,Rio de Janeiro Norte,Recursos Humanos (RH),2025-06-25,0.38539721768573687,0.3817735680021129,0.4512358996610013,0.45955069845462126,0.5266233401919811,,,,,,,0.027777777777777776
100148,Tatiane Lopes Reis,Belo Horizonte Industrial,Recursos Humanos (RH),2025-06-25,0.36816134671375217,0.4906270421093868,0.5418163756700838,0.6913060824980268,,,,,,,,0.3
100149,Thiago Fontes Reis,Belo Horizonte Industrial,Jurídico,2025-06-25,0.6070262159083614,0.7479675192453439,,,,,,,,,,0.16666666666666666
100150,Edson Moura Figueiredo,Belo Horizonte Industrial,Tecnologia da Informação (TI),2025-06-25,0.5945446640232593,0.6673040698245465,0.6614140879626673,0.7922918910743966,0.8021463559147239,0.8365973377873908,,,,,,0.21597222222222223
100151,Alexandre Moura Fontes,Rio de Janeiro Norte,Financeiro,2025-06-25,0.3354884439805629,0.43837083102460006,0.4479777655111714,0.5117487133820511,0.5215847336824131,0.5681256113466135,,,,,,0.19444444444444445
100152,Ana Lima ,Rio de Janeiro Norte,Tecnologia da Informação (TI),2025-06-25,0.31844480575390494,0.4192885338562278,0.41248298802727024,0.48608655772990456,0.5103046693324701,0.5673629429569358,,,,,,0.1951388888888889
100153,Rebeca Martins Prado,Rio de Janeiro Norte,Recursos Humanos (RH),2025-06-25,0.35436031493277076,0.48079124746145846,0.5388393473168088,0.7640811006375682,,,,,,,,0.3659722222222222
100154,Sofia Melo Peixoto,Rio de Janeiro Norte,Tecnologia da Informação (TI),2025-06-25,0.47880592741131944,0.5347673443400316,0.5222060608510228,0.6590181027860513,0.6429112184680322,,,,,,,0.15347222222222223
100155,Karina Silveira Cardoso,Rio de Janeiro Norte,Tecnologia da Informação (TI),2025-06-25,0.5910143907216134,0.6966764829011989,0.7121231265969793,0.7420211299117605,0.7639227441560952,0.8065267972683919,,,,,,0.19444444444444445
100156,Ana Diniz Rocha,Belo Horizonte Industrial,Financeiro,2025-06-25,0.347014827681535,0.501512407952521,0.5337742729533003,0.6801229020338404,,,,,,,,0.27847222222222223
100157,Priscila Cardoso Silva,Curitiba Sul,Marketing,2025-06-25,0.5533644507768148,0.6232646396403339,0.6424138100790234,0.680183334274277,0.7183951855794173,0.7506481141765136,,,,,,0.19652777777777777
100158,Sabrina Vasconcelos Fontes,Rio de Janeiro Norte,Comercial,2025-06-25,0.6051644226217617,0.7001358353967415,0.7226872192599795,0.8247485847765417,0.827783272629776,0.8700567440351871,,,,,,0.22916666666666666
100159,Elisângela Figueiredo ,Curitiba Sul,Comercial,2025-06-25,0.2839033741377435,0.43913297983353405,0.4945141256887734,0.6529089803469806,,,,,,,,0.3354166666666667
100160,Edson Castro Monteiro,Rio de Janeiro Norte,Marketing,2025-06-25,0.32001797233858004,0.3670975730728984,0.3901659701564768,0.5026837926590448,0.5426189322382603,0.5795849453732645,,,,,,0.23611111111111113
100161,Rebeca Matos Silva,Belo Horizonte Industrial,Recursos Humanos (RH),2025-06-25,0.4919048168551362,0.6081243217691857,0.6387504273714835,0.7772055265631166,0.7792867062750151,0.8524608925913629,,,,,,0.2965277777777778
100162,Henrique Pereira Teixeira,Belo Horizonte Industrial,Financeiro,2025-06-25,0.33078420598177943,,,,,,,,,,,0.0
100163,Victor Martins Martins,Rio de Janeiro Norte,Comercial,2025-06-25,0.6011455402041564,0.6682716375684891,0.708684359454054,0.739841571634615,0.7845083064887407,0.8628131358084729,,,,,,0.2027777777777778
100164,Elisângela Castro Moura,Curitiba Sul,Jurídico,2025-06-25,0.594728398799516,0.6827475075378997,0.7040131339826775,0.7402535633530031,0.7827227359005801,0.8705939175472669,,,,,,0.2347222222222222
100165,Yasmin Souza Ribeiro,São Paulo Centro,Marketing,2025-06-25,0.6064730181709637,0.6835148257769783,0.7148295661477996,0.7580395183607359,0.7969404441817965,0.8288175574007685,,,,,,0.19444444444444445
100166,Matheus Costa Dias,São Paulo Centro,Comercial,2025-06-25,0.340330275122776,0.4914795339019321,0.5367587939723413,0.6993330705574122,,,,,,,,0.29930555555555555
100167,Wellington Coelho Carvalho,Rio de Janeiro Norte,Tecnologia da Informação (TI),2025-06-25,0.4237242879291837,0.48193202507463573,0.5487365566623844,0.7849612345357866,,,,,,,,0.3201388888888889
100168,Victor Pereira Costa,Rio de Janeiro Norte,Marketing,2025-06-25,0.5823089992213648,0.7714023883056981,0.7613944940020486,0.7911066132517146,0.8251234228746992,0.818163685094828,,,,,,0.19583333333333333
100169,Diego Nunes Matos,Belo Horizonte Industrial,Comercial,2025-06-25,0.30604294222692324,0.38833021615576696,0.41446389324873967,0.6011294693476648,0.6316639912161679,0.6934148369878981,,,,,,0.31875000000000003
100170,André Pereira ,Rio de Janeiro Norte,Comercial,2025-06-25,0.36582208384425763,0.4998037434726343,0.5456818349488809,0.6502584661425129,,,,,,,,0.2611111111111111
100171,Alexandre Matos Monteiro,Belo Horizonte Industrial,Tecnologia da Informação (TI),2025-06-25,0.31307946994216984,0.47902361918321396,0.4588194487434017,0.5610752517258067,0.5670220608760095,0.6060449850979294,,,,,,0.2388888888888889
100172,Edson Lima ,São Paulo Centro,Jurídico,2025-06-25,0.33008182813357606,0.40737233506061327,0.4433947201221287,0.4986621428475556,0.5272669690281572,0.5658563165689119,,,,,,0.2347222222222222
100173,Bianca Diniz Almeida,São Paulo Centro,Recursos Humanos (RH),2025-06-25,0.4911295834578272,0.5435399254543862,0.5622367816762623,0.6375846021804319,0.6472117300277181,0.7397482455919407,,,,,,0.18472222222222223
100174,Fabiana Ribeiro Oliveira,Belo Horizonte Industrial,Recursos Humanos (RH),2025-06-25,0.35227749111051837,0.421403118477594,0.4601525422580836,0.49313595122983284,0.5213997171636477,0.57838743867282,,,,,,0.19930555555555554
100175,Leonardo Gomes Cavalcante,São Paulo Centro,Marketing,2025-06-25,0.47907642839845693,0.6018027998764942,0.5984710284723117,0.6705720185291288,0.6962141908905333,0.6937922822797334,,,,,,0.19583333333333333
100176,Cristiane Diniz Borges,Belo Horizonte Industrial,Tecnologia da Informação (TI),2025-06-25,0.30745838395493097,0.519461055349971,0.5381374325124089,0.6927048436335962,,,,,,,,0.3763888888888889
100177,Eduardo Gomes Machado,Belo Horizonte Industrial,Marketing,2025-06-25,0.5574416571899489,0.659270652655567,0.6914375640214379,0.7712602836053049,0.7980161698142889,0.8293231150993342,,,,,,0.2222222222222222
100178,Juliana Ribeiro Rodrigues,Curitiba Sul,Financeiro,2025-06-25,0.862793857168021,,,,,,,,,,,0.0
100179,Felipe Nascimento Castro,Rio de Janeiro Norte,Jurídico,2025-06-25,0.3185869737717135,0.49112303355894915,,,,,,,,,,0.16805555555555554
100180,Bruno Neves ,Rio de Janeiro Norte,Jurídico,2025-06-25,0.34079706046583913,0.40553527371428805,0.4316764087621583,0.4798701390205679,0.5106367344863578,0.5499105474854589,,,,,,0.1909722222222222
100181,Daniel Reis ,São Paulo Centro,Recursos Humanos (RH),2025-06-25,0.3446556193307071,0.3638123958526108,0.3772915903400495,0.5030097515808596,0.5288809016224809,0.5992206655891494,,,,,,0.23958333333333334
100182,André Costa Lopes,Curitiba Sul,Financeiro,2025-06-25,0.5709621675989376,0.6957240440923418,0.7002187657118116,0.726403975285579,0.7572875045241114,0.7654288360421644,,,,,,0.19583333333333333
100183,Lucas Martins Reis,Belo Horizonte Industrial,Jurídico,2025-06-25,0.558108171042871,0.671671752946178,0.6571787868176532,0.7773819862495149,0.7879704079163385,0.8110826342452766,,,,,,0.20486111111111113
100184,Nayara Vasconcelos Neves,Curitiba Sul,Recursos Humanos (RH),2025-06-25,0.35261242863672393,0.42041425756401596,0.4548466433451301,0.5311520031332448,0.5420232220227464,0.6388070916165671,,,,,,0.2388888888888889
100185,Débora Cardoso Nunes,São Paulo Centro,Marketing,2025-06-25,0.32229715664615,0.44633552589799264,0.45398490901539074,0.5619855992809132,0.5425982468932555,0.5801736312844504,,,,,,0.23263888888888887
100186,Nayane Silva Martins,Rio de Janeiro Norte,Financeiro,2025-06-25,0.3890031307976165,0.48835192301784436,0.5245364227951359,0.7330281497985899,,,,,,,,0.3
100187,Rafael Lima ,Curitiba Sul,Comercial,2025-06-25,0.4677392010406783,0.56563845199076,0.5625827647041551,0.6299733372290732,0.6522266392703125,0.7114879823522196,,,,,,0.1986111111111111
100188,Wallace Ribeiro Borges,Curitiba Sul,Tecnologia da Informação (TI),2025-06-25,0.3325179889801246,0.4758362067888984,0.49367988558972403,0.5394143124388574,0.5592062739875082,0.5842880709896486,,,,,,0.23611111111111113
100189,João Prado Almeida,Rio de Janeiro Norte,Recursos Humanos (RH),2025-06-25,0.33962167194824683,0.4171112641059526,0.4306923967160522,0.5564846069191329,0.5569643366958598,,,,,,,0.19722222222222222
100190,Paula Melo Camargo,São Paulo Centro,Tecnologia da Informação (TI),2025-06-25,0.34886191873524436,,,,,,,,,,,0.0
100191,Lívia Costa ,São Paulo Centro,Comercial,2025-06-25,0.3186811165895618,0.5070118960058331,0.5278601870423416,0.6922124820144111,,,,,,,,0.3423611111111111
100192,Victor Matos Vasconcelos,Curitiba Sul,Recursos Humanos (RH),2025-06-25,0.3238312933009198,0.3983709050408111,0.40479340456781626,0.46077503971384043,0.47722062383641906,0.5879437201394802,,,,,,0.2222222222222222
100193,Bruno Santos Rocha,Curitiba Sul,Jurídico,2025-06-25,0.3199230620287305,0.48123595135846825,0.47906485573049834,0.5507178116077371,0.5575474487561622,0.6016575329043887,,,,,,0.2625
100194,Tainá Coelho Melo,Rio de Janeiro Norte,Financeiro,2025-06-25,0.398551997572668,0.4992914314284999,0.5573689516985836,0.7741562324656771,,,,,,,,0.3
100195,Bianca Neves Teixeira,São Paulo Centro,Financeiro,2025-06-25,0.5754010260659842,0.6797497656774426,0.7023630610967054,0.7284820875314448,0.7407984647867552,0.812043455000476,,,,,,0.18819444444444444
100196,Igor Costa Ferreira,Belo Horizonte Industrial,Tecnologia da Informação (TI),2025-06-25,0.5043786460698706,0.4836183544332814,0.549805282276315,0.7816835668644092,,,,,,,,0.2513888888888889
100197,Débora Reis Silveira,Rio de Janeiro Norte,Financeiro,2025-06-25,0.5720842527879054,0.6429285671706135,0.6476078754725079,0.7310188964183206,0.7357478696357828,0.7845784079851738,,,,,,0.18472222222222223
100198,Amanda Santos ,Curitiba Sul,Tecnologia da Informação (TI),2025-06-25,0.34619557913456084,0.42648763184670235,0.4797211696676902,0.5500133541277138,0.6245263137512432,0.6758628950676988,,,,,,0.3
100199,Alexandre Rodrigues Figueiredo,Rio de Janeiro Norte,Marketing,2025-06-25,0.48680068252923125,0.6476169667645814,0.689900842949005,0.850596519029763,,,,,,,,0.31319444444444444
100200,Elisângela Torres Almeida,Belo Horizonte Industrial,Financeiro,2025-06-25,0.5448538705438031,0.6387616587443096,0.6620501733526457,0.7221461461230216,0.7185774289019009,0.8011218728963557,,,,,,0.23611111111111113
100201,Leonardo Barros Oliveira,Belo Horizonte Industrial,Tecnologia da Informação (TI),2025-06-25,0.5746467531260933,0.6437822729828114,0.6521895561257288,0.7056086008078898,0.7571261907493337,0.7768879704957167,,,,,,0.20069444444444443
100202,Rafael Carvalho Rocha,Belo Horizonte Industrial,Marketing,2025-06-25,0.33132846850036013,0.45179628452857096,0.44356796742570426,0.5006591421013548,0.5215895762994621,0.5434464978488448,,,,,,0.18472222222222223
100203,Débora Cavalcante Barros,Rio de Janeiro Norte,Financeiro,2025-06-25,0.5998223405416844,0.7297837055538627,0.74004810928324,0.7763369091607062,0.8179974970979343,0.8592002122661444,,,,,,0.2340277777777778
100204,Rafaela Silva Peixoto,São Paulo Centro,Financeiro,2025-06-25,0.5492634911406752,0.7042233849682856,0.7179921932199806,0.7464650348624499,0.753478082145407,0.7655230256564218,,,,,,0.1951388888888889
100205,Alexandre Costa Ferreira,Belo Horizonte Industrial,Marketing,2025-06-25,0.4801814679750677,0.6475342298553767,0.7167563863572816,0.86117563456583,,,,,,,,0.34375
100206,Vinícius Pereira Costa,Belo Horizonte Industrial,Comercial,2025-06-25,0.3520467589951128,0.45404176533788804,0.4925311312592239,0.5670592284641991,0.5673209647485359,0.5830446323507102,,,,,,0.23194444444444443
100207,Simone Carvalho Gomes,Rio de Janeiro Norte,Marketing,2025-06-25,0.3519557132468035,0.4914102730570737,0.5275217284264139,0.7385423099136773,,,,,,,,0.3333333333333333
100208,Rodrigo Freitas Coelho,Curitiba Sul,Comercial,2025-06-25,0.3303031019462062,0.5123562485649922,0.5170933596228349,0.5566214290185758,0.5718350935453107,0.5939024433936098,,,,,,0.25
100209,Nayara Martins ,Belo Horizonte Industrial,Jurídico,2025-06-25,0.31004837843216637,0.42949528654141317,0.45873785040176024,0.5330686883037867,0.5472078347997054,0.6337786631544494,,,,,,0.26944444444444443
100210,Edson Lopes Martins,São Paulo Centro,Recursos Humanos (RH),2025-06-25,0.5877566217387452,0.6804237685604879,0.6773590054751704,0.7492008757766173,0.7885576392595568,0.8410676527420816,,,,,,0.2027777777777778
100211,Fabiana Cardoso Rocha,Curitiba Sul,Comercial,2025-06-25,0.4863337217543028,0.7133334431659445,0.7622342954869571,0.7664752376859121,0.8029448291824486,0.816843995981473,,,,,,0.2923611111111111
100212,Daniela Prado Carvalho,Belo Horizonte Industrial,Marketing,2025-06-25,0.31433595077869125,0.44300327123156935,0.4724796694724168,0.5218683310567405,0.5486179995194972,0.5907794815081869,,,,,,0.2388888888888889
100213,Nayane Silva Lima,São Paulo Centro,Comercial,2025-06-25,0.3408716138985421,0.44950404146188494,0.4570465272519449,0.5375179587848886,0.5620517250323721,0.6266453853889928,,,,,,0.2534722222222222
100214,Edson Vasconcelos Torres,Belo Horizonte Industrial,Comercial,2025-06-25,0.5540875935265533,0.7088692581888434,,,,,,,,,,0.16666666666666666
100215,Vanessa Torres Neves,São Paulo Centro,Comercial,2025-06-25,0.6210720112466134,0.7216348850376995,0.7298498174123519,0.7883778738960565,0.8273108400421534,0.8608260231970628,,,,,,0.2333333333333333
100216,Enzo Ferreira Diniz,São Paulo Centro,Tecnologia da Informação (TI),2025-06-25,0.3243575903436408,0.5172864452603805,0.544777119779042,0.5626329300591011,0.563292024393029,0.6045064331795412,,,,,,0.23611111111111113
100217,Wesley Matos Costa,São Paulo Centro,Marketing,2025-06-25,0.5790401966826983,0.7085718511417833,0.7309796327323694,0.7780848480988748,0.7802962129826314,0.8431002812733089,,,,,,0.23750000000000002
100218,Alexandre Vasconcelos Diniz,Rio de Janeiro Norte,Comercial,2025-06-25,0.5977607583104653,0.6440181353688313,0.6329001166158041,0.7765607948815869,0.8018971003480808,0.856358352325779,,,,,,0.23124999999999998
100219,Matheus Machado Diniz,Rio de Janeiro Norte,Jurídico,2025-06-25,0.5402514494403201,0.7288495542204337,,,,,,,,,,0.16666666666666666
100220,Wallace Santos Santos,Rio de Janeiro Norte,Marketing,2025-06-25,0.5839938950937231,0.6505838475760258,0.6716797658122275,0.7554367709769095,0.7781569106070474,0.816557963998258,,,,,,0.19305555555555554
100221,Letícia Rocha Martins,São Paulo Centro,Tecnologia da Informação (TI),2025-06-25,0.3155970898074877,0.4022959548395436,0.4344292485164552,0.5310332591378404,0.5558849628379401,0.6013179737854519,,,,,,0.2333333333333333
100222,Wesley Barros Ventura,São Paulo Centro,Comercial,2025-06-25,0.5776906106908418,0.6581190222825369,0.6668145867473743,0.7820549347783996,0.7616540492002435,0.801357452320181,,,,,,0.19722222222222222
100223,Mariana Diniz Araújo,Belo Horizonte Industrial,Tecnologia da Informação (TI),2025-06-25,0.32574484397762904,0.4488521763491292,0.4320447593812615,0.5100843261869785,0.5328512316285948,0.5655115365119119,,,,,,0.19583333333333333
100224,Elisângela Fontes Fernandes,Rio de Janeiro Norte,Financeiro,2025-06-25,0.3805954679992053,0.5314269692596495,0.5897105693115007,0.6884536629041372,,,,,,,,0.25277777777777777
100225,Ana Vasconcelos Carvalho,Belo Horizonte Industrial,Tecnologia da Informação (TI),2025-06-25,0.3341943575638856,0.4934263625107725,0.5492544436765748,0.6763438765128037,,,,,,,,0.30069444444444443
100226,Karina Melo Melo,Curitiba Sul,Recursos Humanos (RH),2025-06-25,0.5740175719744017,0.654149131560224,0.6520838435833881,0.7591307469775896,0.7403471598239935,0.7681663496413098,,,,,,0.1951388888888889
100227,Renata Pereira Nascimento,Curitiba Sul,Jurídico,2025-06-25,0.32401792891674897,0.5234692349209366,0.5602392554150414,0.5861007428330826,,,,,,,,0.2513888888888889
100228,Mirella Freitas Pereira,São Paulo Centro,Marketing,2025-06-25,0.34163822110341535,0.4464214306596567,0.4435879382538649,0.5287470105760869,0.5479229728947534,0.5962025642286036,,,,,,0.2354166666666667
100229,Renata Camargo Teixeira,Curitiba Sul,Financeiro,2025-06-25,0.30428446815497107,0.4306984787957929,0.4483989359506522,0.5100560245188233,0.5214190410551186,0.571214507808339,,,,,,0.24930555555555556
100230,Sofia Fontes Almeida,São Paulo Centro,Jurídico,2025-06-25,0.3641092641091338,0.5316911940290207,0.5950534269823382,,,,,,,,,0.1875
100231,Lorena Figueiredo Borges,Curitiba Sul,Financeiro,2025-06-25,0.3280983212888318,0.41029354344307145,0.4320070241320849,0.49391555169247825,0.5327409404007666,0.600076075759949,,,,,,0.2263888888888889
100232,Igor Diniz Vasconcelos,Curitiba Sul,Comercial,2025-06-25,0.35020075623041835,0.38807925702144774,0.41072114647436864,0.48537113430649853,0.504685998027991,0.5736962704499265,,,,,,0.19444444444444445
100233,Lucas Almeida Carvalho,Curitiba Sul,Jurídico,2025-06-25,0.3394391657182025,0.48063624556074336,0.5303974218932782,0.5289435440572353,0.5722164869237764,0.5550546460871104,,,,,,0.2138888888888889
100234,Rafaela Melo Melo,Belo Horizonte Industrial,Marketing,2025-06-25,0.34289747111387664,0.4387931778649106,0.46721052804557633,0.5755399199623165,0.5588505090620448,0.6019018656207318,,,,,,0.22569444444444445
100235,Aline Figueiredo Peixoto,Belo Horizonte Industrial,Jurídico,2025-06-25,0.37176269721002714,0.535333183714582,0.5831182921492133,0.7229082076806492,,,,,,,,0.2986111111111111
100236,Diego Gomes Lopes,Belo Horizonte Industrial,Financeiro,2025-06-25,0.5975393405705606,0.7292461075408784,0.711767512689891,0.7927147701422962,0.8330346126095818,0.8519696794061481,,,,,,0.23750000000000002
100237,Patrícia Borges Peixoto,São Paulo Centro,Marketing,2025-06-25,0.3633397778662231,0.516214639044642,0.5267621295623148,0.7596725131651647,,,,,,,,0.3625
100238,Eduardo Prado Cardoso,São Paulo Centro,Jurídico,2025-06-25,0.558286689548447,0.6726145643896214,0.6913967485670177,0.7679856285387822,0.7806938927518641,0.8433105062600792,,,,,,0.27152777777777776
100239,Leonardo Teixeira Mota,São Paulo Centro,Jurídico,2025-06-25,0.3131266286449015,0.5116888573161822,0.5520127211320199,0.6799617498053712,,,,,,,,0.3333333333333333
100240,Bianca Cavalcante Borges,Belo Horizonte Industrial,Financeiro,2025-06-25,0.3447286027372485,0.4244040236175851,0.4427068698044946,0.5518264794789824,0.5563238465311864,0.6069922161466008,,,,,,0.2340277777777778
100241,Débora Martins Torres,Rio de Janeiro Norte,Recursos Humanos (RH),2025-06-25,0.3363657429152853,0.4291950735488422,0.44696584643261444,0.5140416591061109,0.5190460652731262,0.5663200122098124,,,,,,0.19305555555555554
100242,Juliana Lopes Reis,São Paulo Centro,Tecnologia da Informação (TI),2025-06-25,0.5042364935737124,0.5772577193311214,0.6145737870217841,0.6984588085552412,0.712960701290405,0.7721161381392814,,,,,,0.25972222222222224
100243,Patrícia Dias Reis,Belo Horizonte Industrial,Comercial,2025-06-25,0.4279105734618045,0.6703938094114087,0.7058685091428344,0.7861767406895958,,,,,,,,0.33958333333333335
100244,Rafael Vasconcelos Peixoto,Rio de Janeiro Norte,Tecnologia da Informação (TI),2025-06-25,0.29951303904726717,0.41037344148122307,0.44417065776669024,0.5192443191239865,0.5468066300127176,0.5724693446527075,,,,,,0.24027777777777778
100245,Bruna Freitas Araújo,Belo Horizonte Industrial,Jurídico,2025-06-25,0.3338769954412533,0.498366079289743,0.5576465764423916,0.6655231320649617,,,,,,,,0.30972222222222223
100246,Paula Moura Diniz,São Paulo Centro,Marketing,2025-06-25,0.3572980741945054,0.5019745292935253,0.5303122857595889,0.7411683297495131,,,,,,,,0.36180555555555555
100247,Marcelo Lopes Moreira,São Paulo Centro,Recursos Humanos (RH),2025-06-25,0.5978007747887228,0.6927228236496026,0.6948139004080086,0.7620510094199775,0.8006421245063878,0.7900771414761963,,,,,,0.19444444444444445
100248,Wallace Cardoso ,Belo Horizonte Industrial,Recursos Humanos (RH),2025-06-25,0.5833930468049482,0.6423137603788229,0.6654409250295837,0.7493765411835891,0.7330530889738727,0.7908159984599048,,,,,,0.19583333333333333
100249,André Dias ,Belo Horizonte Industrial,Financeiro,2025-06-25,0.31040339087012564,,,,,,,,,,,0.0
100250,Débora Vasconcelos Nunes,Rio de Janeiro Norte,Marketing,2025-06-25,0.6024497116913479,0.6659147540204478,0.6516297987940581,0.7862941741644565,0.800855438238357,0.7908113785939973,,,,,,0.19444444444444445
100251,Rodrigo Prado ,São Paulo Centro,Tecnologia da Informação (TI),2025-06-25,0.5296373105194665,0.6786435714658232,0.7208981434698473,0.8836879953191578,,,,,,,,0.3048611111111111
100252,Vinícius Gomes ,São Paulo Centro,Comercial,2025-06-25,0.2992866020462803,0.4690175994887585,0.4877556618118051,0.6533812200413955,,,,,,,,0.33888888888888885
100253,Jorge Cardoso Peixoto,Belo Horizonte Industrial,Recursos Humanos (RH),2025-06-25,0.6061384610591758,0.6596682512499785,0.6767440927794856,0.7479624736620003,0.7701380617406494,0.830734160900387,,,,,,0.19791666666666666
100254,Marcelo Cavalcante Monteiro,São Paulo Centro,Marketing,2025-06-25,0.3211820058368215,0.4320821779661505,0.4656726623561281,0.5332789951806499,0.5356978224743064,0.5952510417419816,,,,,,0.22708333333333333
100255,Fabiana Souza Matos,Belo Horizonte Industrial,Comercial,2025-06-25,0.5996126144064761,0.6933173766763387,0.7273871097656176,0.7676238421883016,0.7870798473558803,0.8091803230570955,,,,,,0.19444444444444445
100256,Victor Monteiro Camargo,Belo Horizonte Industrial,Jurídico,2025-06-25,0.5575981401699363,0.7238518279065795,0.7141353936211624,0.7636637189855433,0.7894565182328424,0.82317915478219,,,,,,0.23611111111111113
100257,Allan Lopes Borges,Curitiba Sul,Financeiro,2025-06-25,0.5934725093180842,0.6767432912211577,0.691926173819238,0.7816808010110494,0.786501841121372,0.8019810452542077,,,,,,0.19444444444444445
100258,Enzo Fontes Gomes,Curitiba Sul,Jurídico,2025-06-25,0.33822364103300423,0.4392862329470185,0.4395121037819263,0.5440657940096848,0.5500275899163475,0.5710997678732572,,,,,,0.2263888888888889
100259,Jorge Dias Melo,Belo Horizonte Industrial,Recursos Humanos (RH),2025-06-25,0.3083012232577631,0.4658156198314122,0.5080323696448977,0.5549107830379235,0.5693615975084174,0.5955117580092997,,,,,,0.2673611111111111
100260,Letícia Moreira Peixoto,São Paulo Centro,Tecnologia da Informação (TI),2025-06-25,0.36931290073720585,0.48848303902878376,0.5324659026331946,0.7241674625149419,,,,,,,,0.3069444444444444
100261,Priscila Torres Moura,Curitiba Sul,Comercial,2025-06-25,0.3019457402061655,0.39739853972293765,0.4420845726146585,0.5901357445090974,0.6177047496246009,0.6904937161333328,,,,,,0.3104166666666667
100262,Cristiane Monteiro Dias,Rio de Janeiro Norte,Recursos Humanos (RH),2025-06-25,0.3273460113733411,0.4886761906139195,0.4895428332311033,0.5174775549119454,0.5428488123775838,0.5782702169699472,,,,,,0.2020833333333333
100263,Caio Diniz Barros,São Paulo Centro,Jurídico,2025-06-25,0.3084931973632035,0.4803751940149771,0.5326447201611533,0.732809910642013,,,,,,,,0.3548611111111111
100264,Larissa Nascimento ,Curitiba Sul,Jurídico,2025-06-25,0.5741856516734581,0.6889239278086299,0.6869365001031401,0.7988682854143834,0.8235953549090446,0.8631606587620918,,,,,,0.23611111111111113
100265,Letícia Carvalho Martins,Curitiba Sul,Jurídico,2025-06-25,0.47930321757394767,0.4989607741611549,0.5408182461569325,,,,,,,,,0.041666666666666664
100266,Clara Dias Prado,Rio de Janeiro Norte,Tecnologia da Informação (TI),2025-06-25,0.32965893574287536,0.40464822444645576,0.42049738520692487,0.531071339572778,0.6011939984149394,0.6643515453467712,,,,,,0.2923611111111111
100267,Bruna Machado ,Rio de Janeiro Norte,Comercial,2025-06-25,0.32520147492054424,0.5403711990772289,0.5766724875175875,0.584818438139879,0.6067328346772989,0.6451309342943115,,,,,,0.26875
100268,Enzo Pereira Castro,Belo Horizonte Industrial,Jurídico,2025-06-25,0.3577486531309386,0.4311655573227156,0.43396716808250974,0.5114633239501326,0.5311264713839615,0.6074149119917229,,,,,,0.21944444444444444
100269,Sérgio Silveira Ventura,Rio de Janeiro Norte,Jurídico,2025-06-25,0.5954446795552517,0.7464360120351017,,,,,,,,,,0.16666666666666666
100270,Renata Figueiredo Ventura,Rio de Janeiro Norte,Marketing,2025-06-25,0.5919607753920523,0.6874784312543593,0.7093584171962061,0.7598381596873027,0.8066006026661484,0.8507140416248439,,,,,,0.20902777777777778
100271,Isabelly Santos Pereira,São Paulo Centro,Jurídico,2025-06-25,0.3649881237569808,0.5120288430705635,0.5350801112612035,0.7149837085154732,,,,,,,,0.3055555555555555
100272,Renata Melo Araújo,Belo Horizonte Industrial,Recursos Humanos (RH),2025-06-25,0.5973490366098454,0.7657084816310266,0.7901806201791387,0.8674306319434629,,,,,,,,0.25625000000000003
100273,Diego Souza Vasconcelos,São Paulo Centro,Recursos Humanos (RH),2025-06-25,0.341688042058366,,,,,,,,,,,0.0
100274,João Souza Coelho,Belo Horizonte Industrial,Tecnologia da Informação (TI),2025-06-25,0.3596068481292099,0.4990055437368575,0.528168292484722,0.7607752062882011,,,,,,,,0.3645833333333333
100275,Leonardo Lima Almeida,Rio de Janeiro Norte,Recursos Humanos (RH),2025-06-25,0.3178775086444285,0.4853728344374299,0.5453655598897149,0.6884415384732858,,,,,,,,0.29583333333333334
100276,Karina Reis ,São Paulo Centro,Financeiro,2025-06-25,0.299457735085701,0.527082651765339,,,,,,,,,,0.25
100277,Letícia Souza Silva,São Paulo Centro,Financeiro,2025-06-25,0.6061946653542464,0.6644071655310756,0.7011011019872151,0.7410270627708285,0.7631551980990616,0.7997266910315936,,,,,,0.1951388888888889
100278,Tatiane Torres ,Belo Horizonte Industrial,Financeiro,2025-06-25,0.3626551832261827,0.4942403621576144,0.5540266886041327,0.7464788100940379,,,,,,,,0.3645833333333333
100279,Priscila Monteiro Fontes,Rio de Janeiro Norte,Marketing,2025-06-25,0.33571093374564226,0.419823119506523,0.4299393219302846,,,,,,,,,0.08194444444444444
100280,Tiago Silveira Mota,Rio de Janeiro Norte,Jurídico,2025-06-25,0.32893098578024105,0.414941224005726,0.47772705890732486,0.5050238287192081,0.5015041308029362,,,,,,,0.13194444444444445
100281,Lívia Bastos Lopes,Curitiba Sul,Comercial,2025-06-25,0.34873538230567536,0.519185691329646,0.5319802402486257,0.7403810218866317,,,,,,,,0.36874999999999997
100282,André Diniz Bastos,Belo Horizonte Industrial,Tecnologia da Informação (TI),2025-06-25,0.5008940652899484,0.5797284051251654,0.5737397164555702,0.6654205446645552,0.6930961883708014,0.7541606660614106,,,,,,0.24305555555555555
100283,Victor Ferreira Neves,São Paulo Centro,Marketing,2025-06-25,0.31427015589260227,0.41279671453634215,0.4256991469590291,0.5330534309329894,0.5203326273999391,0.5943082504899962,,,,,,0.23680555555555557
100284,Tiago Freitas Melo,São Paulo Centro,Marketing,2025-06-25,0.6054408150661091,0.7534791952818719,,,,,,,,,,0.16319444444444445
100285,Renata Peixoto ,Belo Horizonte Industrial,Tecnologia da Informação (TI),2025-06-25,0.2997585519642947,0.38784215264949806,0.4201677029138113,0.499400189170485,0.5081854246292057,,,,,,,0.17708333333333334
100286,Matheus Melo ,São Paulo Centro,Tecnologia da Informação (TI),2025-06-25,0.3474685948644152,0.38578033062455214,0.3902313383462864,0.4996090163616327,0.5240809052508111,0.5846475291116041,,,,,,0.23055555555555554
100287,Sérgio Reis Souza,São Paulo Centro,Jurídico,2025-06-25,0.322949310129147,0.45329203724748834,0.4731721295087749,0.5351539135649186,0.555317987234243,0.5830042713743626,,,,,,0.22847222222222222
100288,Amanda Ribeiro ,Belo Horizonte Industrial,Comercial,2025-06-25,0.35055331923555094,0.42069516377250527,0.42300797682089986,0.5379796590177515,0.6034938644073446,0.6984053493113224,,,,,,0.28958333333333336
100289,Victor Ferreira Nunes,Curitiba Sul,Comercial,2025-06-25,0.33062800875670295,0.3696539189403678,0.3851630878133216,0.5040944745234567,0.5137236675449021,0.5647390480312785,,,,,,0.19722222222222222
100290,Thais Fontes Castro,Rio de Janeiro Norte,Marketing,2025-06-25,0.3161795349073758,0.45110426941536574,0.4572765657260575,0.5308399846667701,0.5666389658683858,0.5830108061762171,,,,,,0.2354166666666667
100291,Fábio Oliveira ,Belo Horizonte Industrial,Recursos Humanos (RH),2025-06-25,0.5212424082880813,0.6563012893811394,0.6726627986563523,0.7196219984833445,0.7127964924167697,0.7606197416874345,,,,,,0.22430555555555556
100292,Lucas Moreira Freitas,Curitiba Sul,Recursos Humanos (RH),2025-06-25,0.5827453604003242,0.675273086681071,0.668043270088248,0.7585867011133388,0.7725939122605916,0.8274290108414138,,,,,,0.22569444444444445
100293,Bruno Gomes ,São Paulo Centro,Recursos Humanos (RH),2025-06-25,0.30157303797384155,0.39952036477103914,0.43495300882088983,0.541142970373994,0.5383820252047857,0.5802865425167433,,,,,,0.23611111111111113
100294,Wellington Moura Machado,Rio de Janeiro Norte,Recursos Humanos (RH),2025-06-25,0.34300203550054015,0.41188906697888455,0.4499267383727015,0.5373050344896745,0.5648750989738602,0.6135715361066953,,,,,,0.23819444444444446
100295,Nayara Moreira Machado,Rio de Janeiro Norte,Marketing,2025-06-25,0.32397573912824473,0.504701076690206,0.5454450723149935,0.7443881238369106,,,,,,,,0.3666666666666667
100296,Luana Carvalho ,Rio de Janeiro Norte,Financeiro,2025-06-25,0.3404185001469289,0.38512669280197726,0.40181208953183634,0.4818445533301545,0.4776469049342676,0.5729692622941656,,,,,,0.22569444444444445
100297,Nayara Vasconcelos ,Belo Horizonte Industrial,Marketing,2025-06-25,0.5923422866466601,0.6766853299003156,0.7048647205598606,0.7993883820676178,0.7878227701266484,0.850208097768023,,,,,,0.2347222222222222
100298,Tainá Gomes Torres,Rio de Janeiro Norte,Recursos Humanos (RH),2025-06-25,0.38332418678289776,0.4830489513954217,0.5340457842525282,0.7929716806713795,,,,,,,,0.3770833333333334
100299,Renata Castro ,Rio de Janeiro Norte,Jurídico,2025-06-25,0.3554200639855289,0.3819894762341603,0.38716572989033404,0.4600681855438645,0.5041783825762137,0.5718169584143145,,,,,,0.19583333333333333
100300,Diego Ribeiro Nascimento,São Paulo Centro,Financeiro,2025-06-25,0.31780279925155047,0.4591009252006703,0.44811005177123864,0.4961805323000177,0.5372202691029008,0.6063245979272937,,,,,,0.23611111111111113
